{"cameraMode":{"drawMode":0,"name":"Shaded","section":"Shading Mode"},"sceneLighting":true,"audioPlay":false,"sceneViewState":{"m_AlwaysRefresh":false,"showFog":true,"showSkybox":true,"showFlares":true,"showImageEffects":true,"showParticleSystems":true,"showVisualEffectGraphs":true,"m_FxEnabled":true},"in2DMode":false,"pivot":{"x":6.340202331542969,"y":0.27878427505493166,"z":24.801517486572267},"rotation":{"x":-0.05726603791117668,"y":-0.021866360679268838,"z":0.0012563918717205525,"w":-0.9981369376182556},"size":20.233203887939454,"orthographic":false}