{"cameraMode":{"drawMode":0,"name":"Shaded","section":"Shading Mode"},"sceneLighting":true,"audioPlay":false,"sceneViewState":{"m_AlwaysRefresh":false,"showFog":true,"showSkybox":true,"showFlares":true,"showImageEffects":true,"showParticleSystems":true,"showVisualEffectGraphs":true,"m_FxEnabled":true},"in2DMode":false,"pivot":{"x":4.5978193283081059,"y":-19.529163360595704,"z":56.77751159667969},"rotation":{"x":-0.17341966927051545,"y":0.012404642067849636,"z":-0.002188031328842044,"w":-0.9847947359085083},"size":37.964962005615237,"orthographic":false}