{"cameraMode":{"drawMode":0,"name":"Shaded","section":"Shading Mode"},"sceneLighting":true,"audioPlay":false,"sceneViewState":{"m_AlwaysRefresh":false,"showFog":true,"showSkybox":true,"showFlares":true,"showImageEffects":true,"showParticleSystems":true,"showVisualEffectGraphs":true,"m_FxEnabled":true},"in2DMode":false,"pivot":{"x":0.5784446597099304,"y":0.2816915512084961,"z":-3.5293502807617189},"rotation":{"x":-0.16303375363349915,"y":-0.02308705821633339,"z":0.003816275391727686,"w":-0.9863461256027222},"size":9.040542602539063,"orthographic":false}