{"cameraMode":{"drawMode":0,"name":"Shaded","section":"Shading Mode"},"sceneLighting":false,"audioPlay":false,"sceneViewState":{"m_AlwaysRefresh":false,"showFog":true,"showSkybox":false,"showFlares":true,"showImageEffects":true,"showParticleSystems":true,"showVisualEffectGraphs":true,"m_FxEnabled":true},"in2DMode":false,"pivot":{"x":0.14110000431537629,"y":0.3240000009536743,"z":-0.019999999552965165},"rotation":{"x":-0.16303375363349915,"y":-0.02308705821633339,"z":0.003816275391727686,"w":-0.9863461256027222},"size":0.11299100518226624,"orthographic":false}